currency,Value
EUR,1
UAH,0.0201084421864623
USD,0.851704753923802
AUD,0.57002464307736
GBP,1.14649163927851
SEK,0.0925274488136025
CZK,0.0412556667133571
HUF,0.00258995927502997
MYR,0.210098159625001
CHF,1.07513019477241
EGP,0.0178486367737499
PLN,0.23675160172994
RSD,0.00852381497907952
JPY,0.00544394609041862
RON,0.196255707613976
CAD,0.621814251273771
UYU,0.0217115139601325
AED,0.23191416083242
BRL,0.155471307623258
ARS,0.000586773698683211
INR,0.00948491636949864
BDT,0.00695735375829762
NOK,0.0846951337552939
LKR,0.00274352856309694
PHP,0.0144681548704713
CNY,0.121841510889807
ILS,0.26797905514294
MAD,0.0933944812405314
RUB,0.0107139957101457
MXN,0.0472856924490464
TRY,0.0198129624014548
NPR,0.00592529524873577
ZAR,0.0513097112159229
BGN,0.511291881196218
PKR,0.00303522066714304
SGD,0.663002068592974
PYG,0.000125833609251368
AZN,0.501005485443929
TND,0.294915147058126
DKK,0.133888705468801
IRR,2.02412849457943e-05
VND,3.23864498501718e-05
CLP,0.000945865161181102
HKD,0.109407056575284
COP,0.000227293809004422
UGX,0.000235313026699267
JOD,1.20127610599719
IDR,5.09112717993768e-05
TWD,0.0270939123845444
MGA,0.000185909957844997
GTQ,0.11103371000535
QAR,0.233984823360622
BAM,0.511291881196218
AMD,0.00223310557991279
CRC,0.00171395631635701
MZN,0.0133295713053192
THB,0.0270977338470304
NGN,0.000587361934104073
KGS,0.00973936100309383
MDL,0.0507349036536214
GHS,0.081194989927453
DZD,0.00657547410220517
KES,0.00658973608824655
NZD,0.492126977224708
IMP,1.14649163927851
XPF,0.00838000000024134
GEL,0.316498720998601
XCD,0.314612350580999
KRW,0.000590079802559019
PEN,0.253006303120729
HTG,0.00648838288297765
HNL,0.0322564650532961
UZS,7.08062840554404e-05
YER,0.00357252724540523
ALL,0.0103465863949358
MUR,0.0184941500920817
LBP,9.4848544711453e-06
TTD,0.125384737424474
XOF,0.00152449017246707
MVR,0.055092425488084
KZT,0.00169426079474675
BYN,0.292458605942652
DOP,0.0134833526529821
RWF,0.000585706208027443
BOB,0.122806965103131
XAF,0.00152449017246707
BHD,2.26517220269468
SAR,0.227121268357815
MMK,0.000405513647179518
NAD,0.0513097112159229
AFN,0.0129884942758674
LYD,0.15721897369828
ZMW,0.0383072035856266
OMR,2.21349460973113
BTN,0.00948491636949864
MRU,0.0214378346296323
ETB,0.0054724039658123
GYD,0.00406458071980107
VES,0.00288700675665886
MOP,0.106220443252153
ISK,0.00679338271554143
KWD,2.76557980394418
CUP,0.0354605990185093
LAK,3.93665706682474e-05
SZL,0.0513097112159229
FJD,0.374824029488756
MNT,0.000239224671004793
TZS,0.000345892706010207
MKD,0.0162550429265214
BWP,0.0618182904565215
SRD,0.0223590785046726
KPW,0.000946364302930558
JMD,0.00534798419850961
IQD,0.000648995154412093
BBD,0.425852378775403
NIO,0.0231723753171162
LSL,0.0513097112159229
AOA,0.00092936342924397
SDG,0.00141973764046297
MWK,0.000490828657105398
PGK,0.199758416565691
DJF,0.00479133415776859
BIF,0.000287431754801912
BZD,0.421497141577092
SYP,7.70188769369278e-05
SLL,3.71760868928068e-05
GNF,9.72524436880013e-05
